EISD860102	13	0.89	0.0
FAUJ880109	13	0.8	0.0
HUTJ700103	13	0.72	2e-05
JOND750102	13	-0.73	1e-05
RADA880104	13	-0.74	1e-05
RADA880107	13	-0.75	1e-05
YUTK870102	13	-0.75	1e-05
YUTK870103	13	-0.93	0.0
YUTK870104	13	-0.93	0.0
ZIMJ680104	13	0.73	2e-05
GUYH850105	13	0.74	1e-05
JACR890101	13	-0.78	0.0
TANS770106	6	0.85	0.00725
VELV850101	6	0.89	0.00336
COSI940101	6	0.89	0.00337
CHOP780206	9	-0.87	0.00492
EISD860102	9	0.89	0.0034
FAUJ880109	9	0.91	0.00159
JOND750102	9	-0.87	0.00541
OOBM770102	9	0.85	0.00729
RADA880107	9	-0.85	0.00699
RICJ880107	9	0.93	0.00067
YUTK870101	9	-0.86	0.00563
YUTK870103	9	-0.92	0.0012
YUTK870104	9	-0.92	0.00117
GUYH850105	9	0.89	0.00277
EISD860102	17	0.89	0.0027
FAUJ880109	17	0.92	0.00104
JOND750102	17	-0.93	0.00087
RADA880104	17	-0.87	0.00445
RICJ880107	17	0.93	0.00089
YUTK870101	17	-0.97	8e-05
YUTK870102	17	-0.89	0.00298
YUTK870103	17	-0.99	0.0
YUTK870104	17	-0.99	1e-05
GUYH850105	17	0.88	0.00374
PONP800105	21	-0.86	0.00604
RICJ880113	21	0.85	0.00739
SNEP660101	21	0.84	0.00875
COWR900101	21	-0.85	0.00819
